{"2d": {"Recall": 0.03847204957299955, "F1-score": 0.005073695685596753, "Precision": 0.003078512396694216, "Hit-rate": 0.3078512396694215}, "ctx": {"Recall": 0.039599771949202715, "F1-score": 0.004865683189194631, "Precision": 0.0029338842975206616, "Hit-rate": 0.29338842975206614}}