{"2d": {"Recall": 0.03847204957299955, "F1-score": 0.005073695685596753, "Precision": 0.003078512396694216, "Hit-rate": 0.3078512396694215}, "ctx": {"Recall": 0.06063889012033231, "F1-score": 0.007030042157510709, "Precision": 0.004235537190082646, "Hit-rate": 0.42355371900826444}}