{"2d": {"Recall": 0.03847204957299955, "F1-score": 0.005073695685596753, "Precision": 0.003078512396694216, "Hit-rate": 0.3078512396694215}, "ctx": {"Recall": 0.03820422046831963, "F1-score": 0.004997954799144184, "Precision": 0.003016528925619835, "Hit-rate": 0.30165289256198347}}