{"2d": {"Recall": 0.03847204957299955, "F1-score": 0.005073695685596753, "Precision": 0.003078512396694216, "Hit-rate": 0.3078512396694215}, "ctx": {"Recall": 0.04788482136714863, "F1-score": 0.0052707793398504635, "Precision": 0.0030991735537190092, "Hit-rate": 0.30991735537190085}}