{"2d": {"Recall": 0.03847204957299955, "F1-score": 0.005073695685596753, "Precision": 0.003078512396694216, "Hit-rate": 0.3078512396694215}, "ctx": {"Recall": 0.05027871798080989, "F1-score": 0.006389918667604223, "Precision": 0.003801652892561985, "Hit-rate": 0.3801652892561983}}