{"2d": {"Recall": 0.03847204957299955, "F1-score": 0.005073695685596753, "Precision": 0.003078512396694216, "Hit-rate": 0.3078512396694215}, "ctx": {"Recall": 0.06898877187197186, "F1-score": 0.006221613040357835, "Precision": 0.0036776859504132247, "Hit-rate": 0.3677685950413223}}