{"2d": {"Recall": 0.03847204957299955, "F1-score": 0.005073695685596753, "Precision": 0.003078512396694216, "Hit-rate": 0.3078512396694215}, "ctx": {"Recall": 0.038847421025056436, "F1-score": 0.004807613907625866, "Precision": 0.0028719008264462818, "Hit-rate": 0.2871900826446281}}