{"2d": {"Recall": 0.03847204957299955, "F1-score": 0.005073695685596753, "Precision": 0.003078512396694216, "Hit-rate": 0.3078512396694215}, "ctx": {"Recall": 0.06017647686740453, "F1-score": 0.006105390428674233, "Precision": 0.003636363636363637, "Hit-rate": 0.36363636363636365}}