{"2d": {"Recall": 0.03847204957299955, "F1-score": 0.005073695685596753, "Precision": 0.003078512396694216, "Hit-rate": 0.3078512396694215}, "ctx": {"Recall": 0.03865738972651571, "F1-score": 0.005108903483440036, "Precision": 0.003099173553719009, "Hit-rate": 0.3099173553719008}}