{
  "Time": {
    "Weekend": {
      "f1Score-ctx": 0.31345546430827537,
      "recall-ctx": 0.3281746031746031,
      "precision-ctx": 0.29999999999999993,
      "precision": 0.26499999999999996,
      "recall": 0.2881746031746031,
      "nDCG": null,
      "f1Score": 0.27610186513629836
    },
    "Weekday": {
      "f1Score-ctx": 0.330685898970553,
      "recall-ctx": 0.348015873015873,
      "precision-ctx": 0.31499999999999995,
      "precision": 0.26499999999999996,
      "recall": 0.2881746031746031,
      "nDCG": null,
      "f1Score": 0.27610186513629836
    }
  },
  "Location": {
    "Home": {
      "f1Score-ctx": 0.3394832011199252,
      "recall-ctx": 0.35531746031746025,
      "precision-ctx": 0.3249999999999999,
      "precision": 0.26499999999999996,
      "recall": 0.2881746031746031,
      "nDCG": null,
      "f1Score": 0.27610186513629836
    },
    "Cinema": {
      "f1Score-ctx": 0.2941299959628582,
      "recall-ctx": 0.30976190476190474,
      "precision-ctx": 0.2799999999999999,
      "precision": 0.26499999999999996,
      "recall": 0.2881746031746031,
      "nDCG": null,
      "f1Score": 0.27610186513629836
    }
  },
  "Companion": {
    "Alone": {
      "f1Score-ctx": 0.3013818897637795,
      "recall-ctx": 0.3197619047619048,
      "precision-ctx": 0.285,
      "precision": 0.26499999999999996,
      "recall": 0.2881746031746031,
      "nDCG": null,
      "f1Score": 0.27610186513629836
    },
    "Partner": {
      "f1Score-ctx": 0.3344731233720104,
      "recall-ctx": 0.3503174603174603,
      "precision-ctx": 0.31999999999999995,
      "precision": 0.26499999999999996,
      "recall": 0.2881746031746031,
      "nDCG": null,
      "f1Score": 0.27610186513629836
    },
    "Family": {
      "f1Score-ctx": 0.31166137834750596,
      "recall-ctx": 0.33031746031746023,
      "precision-ctx": 0.29499999999999993,
      "precision": 0.26499999999999996,
      "recall": 0.2881746031746031,
      "nDCG": null,
      "f1Score": 0.27610186513629836
    }
  }
}