{"2d": {"Recall": 0.03847204957299955, "F1-score": 0.005073695685596753, "Precision": 0.003078512396694216, "Hit-rate": 0.3078512396694215}, "ctx": {"Recall": 0.04274677060519895, "F1-score": 0.005254154349474451, "Precision": 0.0031818181818181824, "Hit-rate": 0.3181818181818182}}