{"2d": {"Recall": 0.03847204957299955, "F1-score": 0.005073695685596753, "Precision": 0.003078512396694216, "Hit-rate": 0.3078512396694215}, "ctx": {"Recall": 0.04262153590614029, "F1-score": 0.005368490694724965, "Precision": 0.003202479338842976, "Hit-rate": 0.3202479338842975}}