{"2d": {"Recall": 0.03847204957299955, "F1-score": 0.005073695685596753, "Precision": 0.003078512396694216, "Hit-rate": 0.3078512396694215}, "ctx": {"Recall": 0.0372857393524531, "F1-score": 0.004817668346973905, "Precision": 0.0029132231404958684, "Hit-rate": 0.2913223140495868}}