{"2d": {"Recall": 0.03847204957299955, "F1-score": 0.005073695685596753, "Precision": 0.003078512396694216, "Hit-rate": 0.3078512396694215}, "ctx": {"Recall": 0.038082740982217, "F1-score": 0.005561311959750218, "Precision": 0.003367768595041323, "Hit-rate": 0.3367768595041323}}