{"f1Score-ctx": 0.3558157133318495, "recall-ctx": 0.37317460317460316, "precision-ctx": 0.33999999999999997, "precision": 0.26499999999999996, "recall": 0.2881746031746031, "nDCG": null, "f1Score": 0.27610186513629836}