{"2d": {"0": {"33.0": {"Recall": 0.09523809523809523, "F1-score": 0.03305785123966942, "Precision": 0.02, "Hit-rate": 2}, "35.0": {"Recall": 0.0, "F1-score": 0, "Precision": 0.0, "Hit-rate": 0}, "15.0": {"Recall": 0.14634146341463414, "F1-score": 0.0851063829787234, "Precision": 0.06, "Hit-rate": 6}, "50.0": {"Recall": 0.041666666666666664, "F1-score": 0.016129032258064516, "Precision": 0.01, "Hit-rate": 1}, "21.0": {"Recall": 0.029411764705882353, "F1-score": 0.01492537313432836, "Precision": 0.01, "Hit-rate": 1}, "55.0": {"Recall": 0.058823529411764705, "F1-score": 0.04761904761904763, "Precision": 0.04, "Hit-rate": 4}, "25.0": {"Recall": 0.0, "F1-score": 0, "Precision": 0.0, "Hit-rate": 0}, "26.0": {"Recall": 0.08, "F1-score": 0.032, "Precision": 0.02, "Hit-rate": 2}, "61.0": {"Recall": 0.05, "F1-score": 0.016666666666666666, "Precision": 0.01, "Hit-rate": 1}, "31.0": {"Recall": 0.07894736842105263, "F1-score": 0.043478260869565216, "Precision": 0.03, "Hit-rate": 3}}, "1": {"33.0": {"Recall": 0.047619047619047616, "F1-score": 0.01652892561983471, "Precision": 0.01, "Hit-rate": 1}, "35.0": {"Recall": 0.0, "F1-score": 0, "Precision": 0.0, "Hit-rate": 0}, "15.0": {"Recall": 0.12195121951219512, "F1-score": 0.07092198581560284, "Precision": 0.05, "Hit-rate": 5}, "50.0": {"Recall": 0.08333333333333333, "F1-score": 0.03225806451612903, "Precision": 0.02, "Hit-rate": 2}, "21.0": {"Recall": 0.029411764705882353, "F1-score": 0.01492537313432836, "Precision": 0.01, "Hit-rate": 1}, "55.0": {"Recall": 0.07352941176470588, "F1-score": 0.05952380952380953, "Precision": 0.05, "Hit-rate": 5}, "25.0": {"Recall": 0.043478260869565216, "F1-score": 0.016260162601626018, "Precision": 0.01, "Hit-rate": 1}, "26.0": {"Recall": 0.08, "F1-score": 0.032, "Precision": 0.02, "Hit-rate": 2}, "61.0": {"Recall": 0.05, "F1-score": 0.016666666666666666, "Precision": 0.01, "Hit-rate": 1}, "31.0": {"Recall": 0.05263157894736842, "F1-score": 0.028985507246376812, "Precision": 0.02, "Hit-rate": 2}}, "2": {"33.0": {"Recall": 0.0, "F1-score": 0, "Precision": 0.0, "Hit-rate": 0}, "35.0": {"Recall": 0.043478260869565216, "F1-score": 0.016260162601626018, "Precision": 0.01, "Hit-rate": 1}, "15.0": {"Recall": 0.07317073170731707, "F1-score": 0.0425531914893617, "Precision": 0.03, "Hit-rate": 3}, "50.0": {"Recall": 0.08333333333333333, "F1-score": 0.03225806451612903, "Precision": 0.02, "Hit-rate": 2}, "21.0": {"Recall": 0.058823529411764705, "F1-score": 0.02985074626865672, "Precision": 0.02, "Hit-rate": 2}, "55.0": {"Recall": 0.058823529411764705, "F1-score": 0.04761904761904763, "Precision": 0.04, "Hit-rate": 4}, "25.0": {"Recall": 0.08695652173913043, "F1-score": 0.032520325203252036, "Precision": 0.02, "Hit-rate": 2}, "26.0": {"Recall": 0.08, "F1-score": 0.032, "Precision": 0.02, "Hit-rate": 2}, "61.0": {"Recall": 0.05, "F1-score": 0.016666666666666666, "Precision": 0.01, "Hit-rate": 1}, "31.0": {"Recall": 0.02631578947368421, "F1-score": 0.014492753623188406, "Precision": 0.01, "Hit-rate": 1}}, "3": {"33.0": {"Recall": 0.0, "F1-score": 0, "Precision": 0.0, "Hit-rate": 0}, "35.0": {"Recall": 0.038461538461538464, "F1-score": 0.015873015873015876, "Precision": 0.01, "Hit-rate": 1}, "15.0": {"Recall": 0.022727272727272728, "F1-score": 0.013888888888888888, "Precision": 0.01, "Hit-rate": 1}, "50.0": {"Recall": 0.037037037037037035, "F1-score": 0.015748031496062992, "Precision": 0.01, "Hit-rate": 1}, "21.0": {"Recall": 0.05405405405405406, "F1-score": 0.029197080291970802, "Precision": 0.02, "Hit-rate": 2}, "55.0": {"Recall": 0.07352941176470588, "F1-score": 0.05952380952380953, "Precision": 0.05, "Hit-rate": 5}, "25.0": {"Recall": 0.08333333333333333, "F1-score": 0.03225806451612903, "Precision": 0.02, "Hit-rate": 2}, "26.0": {"Recall": 0.11538461538461539, "F1-score": 0.047619047619047616, "Precision": 0.03, "Hit-rate": 3}, "61.0": {"Recall": 0.045454545454545456, "F1-score": 0.016393442622950817, "Precision": 0.01, "Hit-rate": 1}, "31.0": {"Recall": 0.02564102564102564, "F1-score": 0.014388489208633093, "Precision": 0.01, "Hit-rate": 1}}, "Hit-rate": 0.15495867768595042, "Recall": 0.004584520732262151, "F1-score": 0.0022441403676009834, "Precision": 0.0015495867768595042}, "ctx": {"0": {"33.0": {"Recall": 0.14285714285714285, "F1-score": 0.04958677685950413, "Precision": 0.03, "Hit-rate": 3}, "35.0": {"Recall": 0.0, "F1-score": 0, "Precision": 0.0, "Hit-rate": 0}, "15.0": {"Recall": 0.0975609756097561, "F1-score": 0.05673758865248227, "Precision": 0.04, "Hit-rate": 4}, "50.0": {"Recall": 0.125, "F1-score": 0.04838709677419355, "Precision": 0.03, "Hit-rate": 3}, "21.0": {"Recall": 0.08823529411764706, "F1-score": 0.04477611940298507, "Precision": 0.03, "Hit-rate": 3}, "55.0": {"Recall": 0.10294117647058823, "F1-score": 0.08333333333333333, "Precision": 0.07, "Hit-rate": 7}, "25.0": {"Recall": 0.08695652173913043, "F1-score": 0.032520325203252036, "Precision": 0.02, "Hit-rate": 2}, "26.0": {"Recall": 0.2, "F1-score": 0.08000000000000002, "Precision": 0.05, "Hit-rate": 5}, "61.0": {"Recall": 0.15, "F1-score": 0.049999999999999996, "Precision": 0.03, "Hit-rate": 3}, "31.0": {"Recall": 0.13157894736842105, "F1-score": 0.07246376811594202, "Precision": 0.05, "Hit-rate": 5}}, "1": {"33.0": {"Recall": 0.09523809523809523, "F1-score": 0.03305785123966942, "Precision": 0.02, "Hit-rate": 2}, "35.0": {"Recall": 0.08695652173913043, "F1-score": 0.032520325203252036, "Precision": 0.02, "Hit-rate": 2}, "15.0": {"Recall": 0.04878048780487805, "F1-score": 0.028368794326241134, "Precision": 0.02, "Hit-rate": 2}, "50.0": {"Recall": 0.20833333333333334, "F1-score": 0.08064516129032258, "Precision": 0.05, "Hit-rate": 5}, "21.0": {"Recall": 0.11764705882352941, "F1-score": 0.05970149253731344, "Precision": 0.04, "Hit-rate": 4}, "55.0": {"Recall": 0.11764705882352941, "F1-score": 0.09523809523809526, "Precision": 0.08, "Hit-rate": 8}, "25.0": {"Recall": 0.08695652173913043, "F1-score": 0.032520325203252036, "Precision": 0.02, "Hit-rate": 2}, "26.0": {"Recall": 0.16, "F1-score": 0.064, "Precision": 0.04, "Hit-rate": 4}, "61.0": {"Recall": 0.15, "F1-score": 0.049999999999999996, "Precision": 0.03, "Hit-rate": 3}, "31.0": {"Recall": 0.07894736842105263, "F1-score": 0.043478260869565216, "Precision": 0.03, "Hit-rate": 3}}, "2": {"33.0": {"Recall": 0.047619047619047616, "F1-score": 0.01652892561983471, "Precision": 0.01, "Hit-rate": 1}, "35.0": {"Recall": 0.043478260869565216, "F1-score": 0.016260162601626018, "Precision": 0.01, "Hit-rate": 1}, "15.0": {"Recall": 0.0975609756097561, "F1-score": 0.05673758865248227, "Precision": 0.04, "Hit-rate": 4}, "50.0": {"Recall": 0.08333333333333333, "F1-score": 0.03225806451612903, "Precision": 0.02, "Hit-rate": 2}, "21.0": {"Recall": 0.11764705882352941, "F1-score": 0.05970149253731344, "Precision": 0.04, "Hit-rate": 4}, "55.0": {"Recall": 0.058823529411764705, "F1-score": 0.04761904761904763, "Precision": 0.04, "Hit-rate": 4}, "25.0": {"Recall": 0.08695652173913043, "F1-score": 0.032520325203252036, "Precision": 0.02, "Hit-rate": 2}, "26.0": {"Recall": 0.08, "F1-score": 0.032, "Precision": 0.02, "Hit-rate": 2}, "61.0": {"Recall": 0.15, "F1-score": 0.049999999999999996, "Precision": 0.03, "Hit-rate": 3}, "31.0": {"Recall": 0.05263157894736842, "F1-score": 0.028985507246376812, "Precision": 0.02, "Hit-rate": 2}}, "3": {"33.0": {"Recall": 0.0, "F1-score": 0, "Precision": 0.0, "Hit-rate": 0}, "35.0": {"Recall": 0.07692307692307693, "F1-score": 0.03174603174603175, "Precision": 0.02, "Hit-rate": 2}, "15.0": {"Recall": 0.045454545454545456, "F1-score": 0.027777777777777776, "Precision": 0.02, "Hit-rate": 2}, "50.0": {"Recall": 0.037037037037037035, "F1-score": 0.015748031496062992, "Precision": 0.01, "Hit-rate": 1}, "21.0": {"Recall": 0.13513513513513514, "F1-score": 0.07299270072992702, "Precision": 0.05, "Hit-rate": 5}, "55.0": {"Recall": 0.07352941176470588, "F1-score": 0.05952380952380953, "Precision": 0.05, "Hit-rate": 5}, "25.0": {"Recall": 0.125,