{"2d": {"Recall": 0.005904833772480831, "F1-score": 0.002873184912091745, "Precision": 0.0028925619834710746, "Hit-rate": 0.028925619834710745}, "ctx": {"Recall": 0.006441368316368316, "F1-score": 0.0032295778304681348, "Precision": 0.002892561983471074, "Hit-rate": 0.028925619834710745}}