{"2d": {"Recall": 0.005904833772480831, "F1-score": 0.002873184912091745, "Precision": 0.0028925619834710746, "Hit-rate": 0.028925619834710745}, "ctx": {"Recall": 0.010362580107544471, "F1-score": 0.006555264043302914, "Precision": 0.006611570247933883, "Hit-rate": 0.06611570247933884}}