{
   "ctx":{
      "5":{
         "2d":{
            "Recall":0.005904833772480831,
            "F1-score":0.002873184912091745,
            "Precision":0.0028925619834710746,
            "Hit-rate":0.028925619834710745
         },
         "1":{
            "Recall":0.007885751804494467,
            "F1-score":0.0030976323168988972,
            "Precision":0.0028925619834710746,
            "Hit-rate":0.028925619834710745
         },
         "3":{
            "Recall":0.007545435986126311,
            "F1-score":0.004499230742626802,
            "Precision":0.004545454545454546,
            "Hit-rate":0.045454545454545456
         },
         "2":{
            "Recall":0.007204804691562555,
            "F1-score":0.0039108904913730536,
            "Precision":0.004132231404958678,
            "Hit-rate":0.04132231404958678
         },
         "4":{
            "Recall":0.011357027978832467,
            "F1-score":0.005973338237613688,
            "Precision":0.0055785123966942156,
            "Hit-rate":0.05578512396694215
         }
      },
      "6":{
         "2d":{
            "Recall":0.005904833772480831,
            "F1-score":0.002873184912091745,
            "Precision":0.0028925619834710746,
            "Hit-rate":0.028925619834710745
         },
         "1":{
            "Recall":0.009749727791986823,
            "F1-score":0.003361171241108701,
            "Precision":0.003099173553719009,
            "Hit-rate":0.030991735537190084
         },
         "3":{
            "Recall":0.005878345109628532,
            "F1-score":0.0028427319595608702,
            "Precision":0.0028925619834710746,
            "Hit-rate":0.028925619834710745
         },
         "2":{
            "Recall":0.007064036033856671,
            "F1-score":0.003953399429654342,
            "Precision":0.0043388429752066115,
            "Hit-rate":0.04338842975206612
         }
      },
      "7":{
         "2d":{
            "Recall":0.005904833772480831,
            "F1-score":0.002873184912091745,
            "Precision":0.0028925619834710746,
            "Hit-rate":0.028925619834710745
         },
         "1":{
            "Recall":0.005957369620471224,
            "F1-score":0.00274424686449341,
            "Precision":0.00268595041322314,
            "Hit-rate":0.026859504132231406
         },
         "3":{
            "Recall":0.010324238324550284,
            "F1-score":0.0066588624206949465,
            "Precision":0.007231404958677686,
            "Hit-rate":0.07231404958677687
         },
         "2":{
            "Recall":0.008925745367772592,
            "F1-score":0.003927342801142682,
            "Precision":0.00371900826446281,
            "Hit-rate":0.0371900826446281
         },
         "4":{
            "Recall":0.006502136425264768,
            "F1-score":0.0033355324818773314,
            "Precision":0.003305785123966942,
            "Hit-rate":0.03305785123966942
         }
      },
      "10":{
         "2d":{
            "Recall":0.005904833772480831,
            "F1-score":0.002873184912091745,
            "Precision":0.0028925619834710746,
            "Hit-rate":0.028925619834710745
         },
         "1":{
            "Recall":0.010909251758884006,
            "F1-score":0.00493951960158495,
            "Precision":0.004545454545454546,
            "Hit-rate":0.045454545454545456
         },
         "3":{
            "Recall":0.012973901068820855,
            "F1-score":0.0049871522120094585,
            "Precision":0.0043388429752066115,
            "Hit-rate":0.04338842975206612
         },
         "2":{
            "Recall":0.012383309411156028,
            "F1-score":0.005360802469560644,
            "Precision":0.0049586776859504135,
            "Hit-rate":0.049586776859504134
         },
         "4":{
            "Recall":0.005904833772480831,
            "F1-score":0.002873184912091745,
            "Precision":0.0028925619834710746,
            "Hit-rate":0.028925619834710745
         }
      }
   }
}