{"2d": {"Recall": 0.005904833772480831, "F1-score": 0.002873184912091745, "Precision": 0.0028925619834710746, "Hit-rate": 0.028925619834710745}, "ctx": {"Recall": 0.004415350336338612, "F1-score": 0.002604865631629186, "Precision": 0.003305785123966942, "Hit-rate": 0.03305785123966942}}