{"2d": {"Recall": 0.005904833772480831, "F1-score": 0.002873184912091745, "Precision": 0.0028925619834710746, "Hit-rate": 0.028925619834710745}, "ctx": {"Recall": 0.005617496387028146, "F1-score": 0.0026098564402071236, "Precision": 0.0026859504132231405, "Hit-rate": 0.026859504132231406}}