{"2d": {"Recall": 0.005904833772480831, "F1-score": 0.002873184912091745, "Precision": 0.0028925619834710746, "Hit-rate": 0.028925619834710745}, "ctx": {"Recall": 0.005835484792991894, "F1-score": 0.004457332820447858, "Precision": 0.005578512396694215, "Hit-rate": 0.05578512396694215}}