{"2d": {"Recall": 0.005904833772480831, "F1-score": 0.002873184912091745, "Precision": 0.0028925619834710746, "Hit-rate": 0.028925619834710745}, "ctx": {"Recall": 0.007179654550122139, "F1-score": 0.003199847832744489, "Precision": 0.0033057851239669425, "Hit-rate": 0.03305785123966942}}