{"2d": {"Recall": 0.005904833772480831, "F1-score": 0.002873184912091745, "Precision": 0.0028925619834710746, "Hit-rate": 0.028925619834710745}, "ctx": {"Recall": 0.0075215665530169815, "F1-score": 0.004049164938371134, "Precision": 0.004132231404958677, "Hit-rate": 0.04132231404958678}}