{"2d": {"Recall": 0.005904833772480831, "F1-score": 0.002873184912091745, "Precision": 0.0028925619834710746, "Hit-rate": 0.028925619834710745}, "ctx": {"Recall": 0.009236872484606988, "F1-score": 0.004426543905025598, "Precision": 0.00371900826446281, "Hit-rate": 0.0371900826446281}}