{"2d": {"Recall": 0.005904833772480831, "F1-score": 0.002873184912091745, "Precision": 0.0028925619834710746, "Hit-rate": 0.028925619834710745}, "ctx": {"Recall": 0.008321917377580966, "F1-score": 0.005064853317818755, "Precision": 0.005165289256198347, "Hit-rate": 0.05165289256198347}}