{"2d": {"Recall": 0.005904833772480831, "F1-score": 0.002873184912091745, "Precision": 0.0028925619834710746, "Hit-rate": 0.028925619834710745}, "ctx": {"Recall": 0.011867046035641966, "F1-score": 0.006307970925187552, "Precision": 0.005991735537190083, "Hit-rate": 0.05991735537190083}}