{"2d": {"Recall": 0.005904833772480831, "F1-score": 0.002873184912091745, "Precision": 0.0028925619834710746, "Hit-rate": 0.028925619834710745}, "ctx": {"Recall": 0.010154433041108638, "F1-score": 0.0065877646284161215, "Precision": 0.007231404958677685, "Hit-rate": 0.07231404958677685}}