{"ctx": {"10": {
        "2d": {"Recall": 0.005904833772480831, "F1-score": 0.002873184912091745, "Precision": 0.0028925619834710746,
               "Hit-rate": 0.028925619834710745},
        "1": {"Recall": 0.0075215665530169815, "F1-score": 0.004049164938371134, "Precision": 0.004132231404958677,
              "Hit-rate": 0.04132231404958678},
        "3": {"Recall": 0.006568942391134904, "F1-score": 0.003340520606700167, "Precision": 0.0033057851239669425,
              "Hit-rate": 0.03305785123966942},
        "2": {"Recall": 0.008022721192800755, "F1-score": 0.004303309889219255, "Precision": 0.003925619834710743,
              "Hit-rate": 0.03925619834710744},
        "4": {"Recall": 0.005904833772480831, "F1-score": 0.002873184912091745, "Precision": 0.0028925619834710746,
              "Hit-rate": 0.028925619834710745}}, "5": {
        "2d": {"Recall": 0.005904833772480831, "F1-score": 0.002873184912091745, "Precision": 0.0028925619834710746,
               "Hit-rate": 0.028925619834710745},
        "1": {"Recall": 0.005494092661498426, "F1-score": 0.002425925155157705, "Precision": 0.0022727272727272726,
              "Hit-rate": 0.022727272727272728},
        "3": {"Recall": 0.007545435986126311, "F1-score": 0.004499230742626802, "Precision": 0.004545454545454546,
              "Hit-rate": 0.045454545454545456},
        "2": {"Recall": 0.005108304934634991, "F1-score": 0.0034822557652176666, "Precision": 0.00371900826446281,
              "Hit-rate": 0.0371900826446281},
        "4": {"Recall": 0.011615292441642385, "F1-score": 0.006202906649000282, "Precision": 0.005785123966942149,
              "Hit-rate": 0.05785123966942149}}, "7": {
        "2d": {"Recall": 0.005904833772480831, "F1-score": 0.002873184912091745, "Precision": 0.0028925619834710746,
               "Hit-rate": 0.028925619834710745},
        "1": {"Recall": 0.006354050331323058, "F1-score": 0.0030444094634815857, "Precision": 0.0026859504132231405,
              "Hit-rate": 0.026859504132231406},
        "3": {"Recall": 0.010362580107544471, "F1-score": 0.006555264043302914, "Precision": 0.006611570247933883,
              "Hit-rate": 0.06611570247933884},
        "2": {"Recall": 0.005732657463940886, "F1-score": 0.0027651527184980543, "Precision": 0.0028925619834710746,
              "Hit-rate": 0.028925619834710745},
        "4": {"Recall": 0.006441368316368316, "F1-score": 0.0032295778304681348, "Precision": 0.002892561983471074,
              "Hit-rate": 0.028925619834710745}}, "6": {
        "2d": {"Recall": 0.005904833772480831, "F1-score": 0.002873184912091745, "Precision": 0.0028925619834710746,
               "Hit-rate": 0.028925619834710745},
        "1": {"Recall": 0.005617496387028146, "F1-score": 0.0026098564402071236, "Precision": 0.0026859504132231405,
              "Hit-rate": 0.026859504132231406},
        "3": {"Recall": 0.005878345109628532, "F1-score": 0.0028427319595608702, "Precision": 0.0028925619834710746,
              "Hit-rate": 0.028925619834710745},
        "2": {"Recall": 0.006854982108992803, "F1-score": 0.003644264693866714, "Precision": 0.00371900826446281,
              "Hit-rate": 0.0371900826446281}}}}

