{"2d": {"Recall": 0.005904833772480831, "F1-score": 0.002873184912091745, "Precision": 0.0028925619834710746, "Hit-rate": 0.028925619834710745}, "ctx": {"Recall": 0.005494092661498426, "F1-score": 0.002425925155157705, "Precision": 0.0022727272727272726, "Hit-rate": 0.022727272727272728}}