{"2d": {"Recall": 0.005904833772480831, "F1-score": 0.002873184912091745, "Precision": 0.0028925619834710746, "Hit-rate": 0.028925619834710745}, "ctx": {"Recall": 0.008350676066210174, "F1-score": 0.004654093539894865, "Precision": 0.004338842975206611, "Hit-rate": 0.04338842975206612}}