{"2d": {"Recall": 0.005904833772480831, "F1-score": 0.002873184912091745, "Precision": 0.0028925619834710746, "Hit-rate": 0.028925619834710745}, "ctx": {"Recall": 0.007850720261198462, "F1-score": 0.003128845565815495, "Precision": 0.0030991735537190084, "Hit-rate": 0.030991735537190084}}