{"2d": {"Recall": 0.005904833772480831, "F1-score": 0.002873184912091745, "Precision": 0.0028925619834710746, "Hit-rate": 0.028925619834710745}, "ctx": {"Recall": 0.006409206497703358, "F1-score": 0.003462741703234795, "Precision": 0.0037190082644628104, "Hit-rate": 0.0371900826446281}}