{"2d": {"Recall": 0.005904833772480831, "F1-score": 0.002873184912091745, "Precision": 0.0028925619834710746, "Hit-rate": 0.028925619834710745}, "ctx": {"Recall": 0.005619424396162364, "F1-score": 0.002567779231546087, "Precision": 0.0024793388429752068, "Hit-rate": 0.024793388429752067}}