{"2d": {"Recall": 0.005904833772480831, "F1-score": 0.002873184912091745, "Precision": 0.0028925619834710746, "Hit-rate": 0.028925619834710745}, "ctx": {"Recall": 0.00570227340949266, "F1-score": 0.0027121753927934556, "Precision": 0.002685950413223141, "Hit-rate": 0.026859504132231406}}