{"2d": {"Recall": 0.005904833772480831, "F1-score": 0.002873184912091745, "Precision": 0.0028925619834710746, "Hit-rate": 0.028925619834710745}, "ctx": {"Recall": 0.005108304934634991, "F1-score": 0.0034822557652176666, "Precision": 0.00371900826446281, "Hit-rate": 0.0371900826446281}}