{"2d": {"Recall": 0.005904833772480831, "F1-score": 0.002873184912091745, "Precision": 0.0028925619834710746, "Hit-rate": 0.028925619834710745}, "ctx": {"Recall": 0.008770318044186726, "F1-score": 0.0047979261498814945, "Precision": 0.004958677685950413, "Hit-rate": 0.049586776859504134}}