{"2d": {"Recall": 0.005904833772480831, "F1-score": 0.002873184912091745, "Precision": 0.0028925619834710746, "Hit-rate": 0.028925619834710745}, "ctx": {"Recall": 0.012007627123563718, "F1-score": 0.008068479806897264, "Precision": 0.008471074380165288, "Hit-rate": 0.0847107438016529}}