{"2d": {"Recall": 0.005904833772480831, "F1-score": 0.002873184912091745, "Precision": 0.0028925619834710746, "Hit-rate": 0.028925619834710745}, "ctx": {"Recall": 0.00807257441444542, "F1-score": 0.0051168673143469285, "Precision": 0.005371900826446281, "Hit-rate": 0.05371900826446281}}