{"2d": {"Recall": 0.005904833772480831, "F1-score": 0.002873184912091745, "Precision": 0.0028925619834710746, "Hit-rate": 0.028925619834710745}, "ctx": {"Recall": 0.00796790648799328, "F1-score": 0.004390524109135783, "Precision": 0.0043388429752066115, "Hit-rate": 0.04338842975206612}}