{"2d": {"Recall": 0.03847204957299955, "F1-score": 0.005073695685596753, "Precision": 0.003078512396694216, "Hit-rate": 0.3078512396694215}, "ctx": {"Recall": 0.04000153338916884, "F1-score": 0.005529127347359251, "Precision": 0.0033471074380165295, "Hit-rate": 0.3347107438016529}}