{"2d": {"Recall": 0.03847204957299955, "F1-score": 0.005073695685596753, "Precision": 0.003078512396694216, "Hit-rate": 0.3078512396694215}, "ctx": {"Recall": 0.03876069809025769, "F1-score": 0.005136553703000224, "Precision": 0.0031198347107438025, "Hit-rate": 0.3119834710743802}}