{"2d": {"Recall": 0.03847204957299955, "F1-score": 0.005073695685596753, "Precision": 0.003078512396694216, "Hit-rate": 0.3078512396694215}, "ctx": {"Recall": 0.03938055067670773, "F1-score": 0.005419669992162958, "Precision": 0.003305785123966943, "Hit-rate": 0.3305785123966942}}