{"2d": {"Recall": 0.03847204957299955, "F1-score": 0.005073695685596753, "Precision": 0.003078512396694216, "Hit-rate": 0.3078512396694215}, "ctx": {"Recall": 0.03865205207738222, "F1-score": 0.0051408908816319085, "Precision": 0.0031198347107438025, "Hit-rate": 0.3119834710743802}}