{"2d": {"Recall": 0.03847204957299955, "F1-score": 0.005073695685596753, "Precision": 0.003078512396694216, "Hit-rate": 0.3078512396694215}, "ctx": {"Recall": 0.039390382196933076, "F1-score": 0.005213578051676014, "Precision": 0.0031611570247933895, "Hit-rate": 0.31611570247933884}}