{"2d": {"Recall": 0.03847204957299955, "F1-score": 0.005073695685596753, "Precision": 0.003078512396694216, "Hit-rate": 0.3078512396694215}, "ctx": {"Recall": 0.0399637181461027, "F1-score": 0.005357312918443019, "Precision": 0.003243801652892563, "Hit-rate": 0.3243801652892562}}