{"2d": {"Recall": 0.03847204957299955, "F1-score": 0.005073695685596753, "Precision": 0.003078512396694216, "Hit-rate": 0.3078512396694215}, "ctx": {"Recall": 0.038824228385922165, "F1-score": 0.005169349190341167, "Precision": 0.003140495867768596, "Hit-rate": 0.3140495867768595}}