{"2d": {"Recall": 0.03847204957299955, "F1-score": 0.005073695685596753, "Precision": 0.003078512396694216, "Hit-rate": 0.3078512396694215}, "ctx": {"Recall": 0.039528647494697575, "F1-score": 0.005338112980656294, "Precision": 0.003243801652892563, "Hit-rate": 0.32438016528925623}}