{"2d": {"Recall": 0.03847204957299955, "F1-score": 0.005073695685596753, "Precision": 0.003078512396694216, "Hit-rate": 0.3078512396694215}, "ctx": {"Recall": 0.039929743449711924, "F1-score": 0.005372282224527521, "Precision": 0.0032644628099173564, "Hit-rate": 0.3264462809917355}}