{"2d": {"Recall": 0.03847204957299955, "F1-score": 0.005073695685596753, "Precision": 0.003078512396694216, "Hit-rate": 0.3078512396694215}, "ctx": {"Recall": 0.03958409397904148, "F1-score": 0.0054004247479050495, "Precision": 0.003285123966942149, "Hit-rate": 0.32851239669421484}}