{"2d": {"Recall": 0.03847204957299955, "F1-score": 0.005073695685596753, "Precision": 0.003078512396694216, "Hit-rate": 0.3078512396694215}, "ctx": {"Recall": 0.039078270519200986, "F1-score": 0.005299795081200352, "Precision": 0.003223140495867769, "Hit-rate": 0.32231404958677684}}