{"2d": {"Recall": 0.03847204957299955, "F1-score": 0.005073695685596753, "Precision": 0.003078512396694216, "Hit-rate": 0.3078512396694215}, "ctx": {"Recall": 0.0384112814641031, "F1-score": 0.005042858137798553, "Precision": 0.003057851239669422, "Hit-rate": 0.30578512396694213}}