{"2d": {"Recall": 0.03847204957299955, "F1-score": 0.005073695685596753, "Precision": 0.003078512396694216, "Hit-rate": 0.3078512396694215}, "ctx": {"Recall": 0.038456770933652344, "F1-score": 0.0051080629843643045, "Precision": 0.0030785123966942155, "Hit-rate": 0.3078512396694215}}