{"2d": {"Recall": 0.03847204957299955, "F1-score": 0.005073695685596753, "Precision": 0.003078512396694216, "Hit-rate": 0.3078512396694215}, "ctx": {"Recall": 0.03794696530285599, "F1-score": 0.0049636336191558085, "Precision": 0.0030165289256198356, "Hit-rate": 0.30165289256198347}}