{"2d": {"Recall": 0.03847204957299955, "F1-score": 0.005073695685596753, "Precision": 0.003078512396694216, "Hit-rate": 0.3078512396694215}, "ctx": {"Recall": 0.038527890537931424, "F1-score": 0.005103857958625648, "Precision": 0.0030991735537190092, "Hit-rate": 0.30991735537190085}}