{"2d": {"Recall": 0.03847204957299955, "F1-score": 0.005073695685596753, "Precision": 0.003078512396694216, "Hit-rate": 0.3078512396694215}, "ctx": {"Recall": 0.03847395146478962, "F1-score": 0.0050542978982967505, "Precision": 0.0030578512396694226, "Hit-rate": 0.3057851239669422}}