{"2d": {"Recall": 0.03847204957299955, "F1-score": 0.005073695685596753, "Precision": 0.003078512396694216, "Hit-rate": 0.3078512396694215}, "ctx": {"Recall": 0.039056855329905896, "F1-score": 0.005283624803940157, "Precision": 0.0032231404958677694, "Hit-rate": 0.32231404958677684}}