{"2d": {"Recall": 0.03847204957299955, "F1-score": 0.005073695685596753, "Precision": 0.003078512396694216, "Hit-rate": 0.3078512396694215}, "ctx": {"Recall": 0.039621352417091873, "F1-score": 0.005268026300726881, "Precision": 0.0031818181818181824, "Hit-rate": 0.3181818181818182}}