{"2d": {"Recall": 0.03847204957299955, "F1-score": 0.005073695685596753, "Precision": 0.003078512396694216, "Hit-rate": 0.3078512396694215}, "ctx": {"Recall": 0.039760686447121156, "F1-score": 0.005202916210571799, "Precision": 0.003140495867768596, "Hit-rate": 0.3140495867768595}}