{"2d": {"Recall": 0.03847204957299955, "F1-score": 0.005073695685596753, "Precision": 0.003078512396694216, "Hit-rate": 0.3078512396694215}, "ctx": {"Recall": 0.03970175353801754, "F1-score": 0.0053301256128933635, "Precision": 0.0032231404958677694, "Hit-rate": 0.3223140495867769}}