{"2d": {"Recall": 0.03847204957299955, "F1-score": 0.005073695685596753, "Precision": 0.003078512396694216, "Hit-rate": 0.3078512396694215}, "ctx": {"Recall": 0.0388647404585198, "F1-score": 0.005231643262072213, "Precision": 0.0031818181818181824, "Hit-rate": 0.3181818181818182}}