{"2d": {"Recall": 0.03847204957299955, "F1-score": 0.005073695685596753, "Precision": 0.003078512396694216, "Hit-rate": 0.3078512396694215}, "ctx": {"Recall": 0.04010393918416868, "F1-score": 0.0056759327127262685, "Precision": 0.003450413223140497, "Hit-rate": 0.3450413223140496}}