{"2d": {"Recall": 0.03847204957299955, "F1-score": 0.005073695685596753, "Precision": 0.003078512396694216, "Hit-rate": 0.3078512396694215}, "ctx": {"Recall": 0.03834959262628397, "F1-score": 0.005024551717487101, "Precision": 0.0030371900826446294, "Hit-rate": 0.3037190082644628}}